Date,AccountValue,StockList,SymbolAtLoss_1,Loss_1,SymbolAtLoss_2,Loss_2,SymbolAtLoss_3,Loss_3,SymbolAtLoss_4,Loss_4,SymbolAtLoss_5,Loss_5
2015-05-28,999000.8328806958,"['AUROPHARMA', 'INDUSINDBK', 'MARUTI', 'SIEMENS', 'TORNTPHARM', 'SOLARINDS']",,,,,,,,,,
2015-06-05,992817.7716837001,"['AUROPHARMA', 'EICHERMOT', 'SIEMENS', 'TORNTPHARM', 'LUPIN', 'MARUTI']",INDUSINDBK,-2.4377379457853046,,,,,,,,
2015-06-15,991064.4458309265,"['EICHERMOT', 'TORNTPHARM', 'MARUTI', 'SOLARINDS', 'BRITANNIA', 'MARICO']",SIEMENS,-2.478003501917507,LUPIN,-3.6446070577745577,AUROPHARMA,-2.6049737614585413,,,,
2015-06-23,1049008.8492448225,"['AUROPHARMA', 'BRITANNIA', 'EICHERMOT', 'SIEMENS', 'SOLARINDS', 'PAGEIND']",,,,,,,,,,
2015-07-01,1063649.6941216676,"['AUROPHARMA', 'BRITANNIA', 'INDUSINDBK', 'SOLARINDS', 'PAGEIND', 'EICHERMOT']",SIEMENS,-0.6035614181240896,,,,,,,,
2015-07-09,1073803.2071201554,"['AUROPHARMA', 'SOLARINDS', 'BRITANNIA', 'EICHERMOT', 'TORNTPHARM', 'CONCOR']",PAGEIND,-2.412703148431188,,,,,,,,
2015-07-17,1110476.0361799248,"['AUROPHARMA', 'BRITANNIA', 'EICHERMOT', 'TORNTPHARM', 'SOLARINDS', 'DABUR']",,,,,,,,,,
2015-07-27,1090977.8551101254,"['AUROPHARMA', 'EICHERMOT', 'INDUSINDBK', 'MARUTI', 'SOLARINDS', 'BRITANNIA']",,,,,,,,,,
2015-08-04,1133131.6257108883,"['AUROPHARMA', 'EICHERMOT', 'BRITANNIA', 'CHOLAFIN', 'DABUR', 'SIEMENS']",,,,,,,,,,
2015-08-12,1127294.3525493925,"['AUROPHARMA', 'EICHERMOT', 'BHARATFORG', 'BRITANNIA', 'DABUR', 'SIEMENS']",CHOLAFIN,-5.654732706995278,,,,,,,,
2015-08-20,1153740.300714047,"['AUROPHARMA', 'BRITANNIA', 'DABUR', 'EICHERMOT', 'INDUSINDBK', 'LUPIN']",SIEMENS,-1.4651426418272613,,,,,,,,
2015-08-28,1076406.4626702073,"['AUROPHARMA', 'BRITANNIA', 'TATAELXSI', 'LUPIN', 'OFSS', 'BHARATFORG']",DABUR,-5.828989769491077,EICHERMOT,-9.983562445931081,INDUSINDBK,-9.060187326029027,,,,
2015-09-07,1006586.1685298205,"['LUPIN', 'TATAELXSI', 'TORNTPHARM', 'KEI', 'CUMMINSIND', 'ASTRAL']",BHARATFORG,-14.132922778555143,AUROPHARMA,-6.722625401010348,OFSS,-4.418861724150929,BRITANNIA,-2.569105618662872,,
2015-09-15,1038434.0945969315,"['LUPIN', 'BRITANNIA', 'CUMMINSIND', 'TATAELXSI', 'TORNTPHARM', 'GODREJCP']",,,,,,,,,,
2015-09-24,1014328.1811802546,"['SOLARINDS', 'TATAELXSI', 'OFSS', 'MARUTI', 'KEI', 'ASHOKLEY']",GODREJCP,-7.882346432503925,TORNTPHARM,-6.71328516997332,BRITANNIA,-6.050523636387122,,,,
2015-10-06,1026916.369239245,"['TATAELXSI', 'TORNTPHARM', 'OFSS', 'MARUTI', 'KEI', 'ASHOKLEY']",SOLARINDS,-4.902411805715963,,,,,,,,
2015-10-14,1014810.5260371602,"['TATAELXSI', 'INDUSINDBK', 'OFSS', 'KEI', 'AARTIIND', 'ASHOKLEY']",TORNTPHARM,-1.6404541505119916,MARUTI,-2.394347325719548,,,,,,
2015-10-23,1007852.5311384151,"['AARTIIND', 'INDUSINDBK', 'OFSS', 'MARUTI', 'PETRONET', 'KEI']",,,,,,,,,,
2015-11-02,996611.4624383602,"['OFSS', 'AARTIIND', 'ABFRL', 'KEI', 'ASHOKLEY', 'CUMMINSIND']",INDUSINDBK,-4.8082941052537995,,,,,,,,
2015-11-10,981399.5449221535,"['OFSS', 'KEI', 'AARTIIND', 'MFSL', 'TORNTPHARM', 'DIVISLAB']",ASHOKLEY,-0.8859507667109434,ABFRL,-4.181105824908099,CUMMINSIND,-5.7933548566275705,,,,
2015-11-20,1013672.7145501348,"['TORNTPHARM', 'ASHOKLEY', 'INDUSINDBK', 'DIVISLAB', 'ABFRL', 'KEI']",OFSS,-1.5081496496504057,,,,,,,,
2015-12-01,997013.5993959454,"['OFSS', 'DIVISLAB', 'ASHOKLEY', 'AUROPHARMA', 'MFSL', 'SRF']",KEI,-3.9752543191832213,TORNTPHARM,-4.285095066812717,ABFRL,-1.3633270250082472,,,,
2015-12-09,947553.4268084222,"['TITAN', 'DIVISLAB', 'MARUTI', 'AARTIIND', 'APOLLOHOSP', 'M&M']",SRF,-5.80002889964051,MFSL,-3.7196276355673312,ASHOKLEY,-7.334016212041268,OFSS,-5.961834201010865,AUROPHARMA,-4.8209734029065965
2015-12-17,953724.021779791,"['MARUTI', 'BAJAJ-AUTO', 'KEI', 'AUROPHARMA', 'SRF', 'INDUSINDBK']",TITAN,-1.8482476159604098,M&M,-4.919592956515824,,,,,,
2015-12-28,975976.5221801779,"['BAJAJ-AUTO', 'INDUSINDBK', 'MARUTI', 'BIOCON', 'GRANULES', 'KEI']",,,,,,,,,,
2016-01-05,981593.8796668049,"['BAJAJ-AUTO', 'MARUTI', 'ASHOKLEY', 'BAJFINANCE', 'BEL', 'BPCL']",GRANULES,-1.6942739002447895,INDUSINDBK,-2.3339514291412615,,,,,,
2016-01-13,955284.8342678658,"['BAJFINANCE', 'BEL', 'BPCL', 'SRF', 'INDUSINDBK', 'PETRONET']",ASHOKLEY,-3.1149433127723336,BAJAJ-AUTO,-5.301043716577001,MARUTI,-6.0368488880739095,,,,
2016-01-21,882083.789317755,"['BAJFINANCE', 'KEI', 'IGL', 'PETRONET', 'TRENT', 'APLAPOLLO']",BPCL,-2.2714728059646894,SRF,-11.615741933734295,BEL,-12.517247123454817,INDUSINDBK,-6.727895544855382,,
2016-02-01,895667.0013940176,"['BAJFINANCE', 'SUPREMEIND', 'GODREJCP', 'BIOCON', 'KEI', 'ABFRL']",APLAPOLLO,-0.7658170023651123,TRENT,-3.8451859145037592,,,,,,
2016-02-09,868563.9982524322,"['BAJFINANCE', 'KEI', 'SUPREMEIND', 'TVSMOTOR', 'APOLLOHOSP', 'HAVELLS']",GODREJCP,-2.0311860210667723,ABFRL,-21.251417154690103,BIOCON,-5.82493840571307,,,,
2016-02-17,816125.1480507668,"['BAJFINANCE', 'APOLLOHOSP', 'PIDILITIND', 'SUPREMEIND', 'TVSMOTOR', 'IGL']",KEI,-14.977777375215057,HAVELLS,-2.9750458457843716,,,,,,
2016-02-25,785866.8968649734,"['APOLLOHOSP', 'PIDILITIND', 'NHPC', 'JSWSTEEL', 'SJVN', 'EICHERMOT']",TVSMOTOR,-5.1391144899154435,SUPREMEIND,-3.547986365352926,BAJFINANCE,-5.859161198387642,IGL,-7.825612541839703,,
2016-03-04,801106.7967888969,"['BAJFINANCE', 'SUPREMEIND', 'TVSMOTOR', 'AARTIIND', 'INFY', 'IGL']",PIDILITIND,-0.5414849439859014,APOLLOHOSP,-2.394942682181257,,,,,,
2016-03-15,800325.1821034148,"['BAJFINANCE', 'TATAELXSI', 'AARTIIND', 'INFY', 'SUPREMEIND', 'TVSMOTOR']",IGL,-3.0354036770269976,,,,,,,,
2016-03-23,822356.1817217083,"['BAJFINANCE', 'YESBANK', 'HEROMOTOCO', 'SUPREMEIND', 'MPHASIS', 'TVSMOTOR']",TATAELXSI,-0.14199562576295036,AARTIIND,-5.179553679376315,,,,,,
2016-04-04,817304.1873715288,"['ASHOKLEY', 'ASIANPAINT', 'BAJFINANCE', 'HEROMOTOCO', 'INDUSINDBK', 'IGL']",SUPREMEIND,-4.855887228182331,MPHASIS,-9.2415096509502,,,,,,
2016-04-12,828027.6138600968,"['KEI', 'ASHOKLEY', 'BAJFINANCE', 'INDUSINDBK', 'JSWSTEEL', 'INDHOTEL']",IGL,-0.8229174603445786,ASIANPAINT,-2.172329669094065,,,,,,
2016-04-25,814151.9228877026,"['JSWSTEEL', 'ASHOKLEY', 'BAJFINANCE', 'INDHOTEL', 'SUPREMEIND', 'INDUSINDBK']",KEI,-4.10429630777972,,,,,,,,
2016-05-03,826578.4169125499,"['JSWSTEEL', 'ASHOKLEY', 'INDHOTEL', 'BAJFINANCE', 'CHAMBLFERT', 'SUPREMEIND']",,,,,,,,,,
2016-05-11,838147.617444788,"['JSWSTEEL', 'ASHOKLEY', 'INDHOTEL', 'SUPREMEIND', 'BAJFINANCE', 'TRENT']",,,,,,,,,,
2016-05-19,867062.3644641009,"['JSWSTEEL', 'INDHOTEL', 'SUPREMEIND', 'ASHOKLEY', 'INDUSINDBK', 'IGL']",,,,,,,,,,
2016-05-27,890708.2831057733,"['JSWSTEEL', 'BOSCHLTD', 'ABB', 'INDHOTEL', 'SUPREMEIND', 'OBEROIRLTY']",IGL,-0.15646989485517396,,,,,,,,
2016-06-06,893142.74628725,"['INDHOTEL', 'JSWSTEEL', 'SUPREMEIND', 'TATACOMM', 'INDUSINDBK', 'PETRONET']",ABB,-3.122128309909439,,,,,,,,
2016-06-14,904711.6171900011,"['INDHOTEL', 'TATACOMM', 'JSWSTEEL', 'BAJFINANCE', 'PEL', 'SUPREMEIND']",INDUSINDBK,-0.44575090125458133,,,,,,,,
2016-06-22,916862.0158736166,"['INDHOTEL', 'TATACOMM', 'JSWSTEEL', 'SUPREMEIND', 'INDUSINDBK', 'PETRONET']",,,,,,,,,,
2016-06-30,940099.3826852088,"['INDHOTEL', 'TATACOMM', 'INDUSINDBK', 'JSWSTEEL', 'BAJFINANCE', 'SUPREMEIND']",,,,,,,,,,
2016-07-11,959322.9177773673,"['INDHOTEL', 'TATACOMM', 'JSWSTEEL', 'SUPREMEIND', 'INDUSINDBK', 'PETRONET']",,,,,,,,,,
2016-07-19,960205.5544930031,"['INDHOTEL', 'TATACOMM', 'PETRONET', 'NTPC', 'JSWSTEEL', 'BAJFINANCE']",INDUSINDBK,-1.5385348837315653,,,,,,,,
2016-07-27,1003956.1468894503,"['INDHOTEL', 'TATACOMM', 'PETRONET', 'NTPC', 'JSWSTEEL', 'BAJFINANCE']",,,,,,,,,,
2016-08-04,1006169.5824042985,"['INDHOTEL', 'BAJFINANCE', 'TATACOMM', 'PETRONET', 'NTPC', 'JSWSTEEL']",,,,,,,,,,
2016-08-12,1017373.1846710759,"['INDHOTEL', 'BAJFINANCE', 'JSWSTEEL', 'MANAPPURAM', 'EXIDEIND', 'EICHERMOT']",,,,,,,,,,
2016-08-23,1023152.3765660002,"['INDHOTEL', 'BAJFINANCE', 'JSWSTEEL', 'EXIDEIND', 'EICHERMOT', 'IOC']",,,,,,,,,,
2016-08-31,1064588.7785066965,"['BAJFINANCE', 'EICHERMOT', 'INDHOTEL', 'JSWSTEEL', 'MANAPPURAM', 'ASIANPAINT']",,,,,,,,,,
2016-09-09,1093743.1457195762,"['MANAPPURAM', 'BAJFINANCE', 'EICHERMOT', 'INDHOTEL', 'JSWSTEEL', 'ASIANPAINT']",,,,,,,,,,
2016-09-20,1083986.801561049,"['MANAPPURAM', 'EICHERMOT', 'JSWSTEEL', 'EXIDEIND', 'BAJFINANCE', 'ASIANPAINT']",INDHOTEL,-3.114182443006727,,,,,,,,
2016-09-28,1111903.4753777545,"['EICHERMOT', 'MANAPPURAM', 'EXIDEIND', 'BAJFINANCE', 'INDHOTEL', 'JSWSTEEL']",,,,,,,,,,
2016-10-06,1100829.4315956095,"['EICHERMOT', 'MANAPPURAM', 'EXIDEIND', 'BAJFINANCE', 'JSWSTEEL', 'ASIANPAINT']",,,,,,,,,,
2016-10-18,1114296.1689346966,"['EICHERMOT', 'MANAPPURAM', 'EXIDEIND', 'JSWSTEEL', 'BAJFINANCE', 'BAJAJFINSV']",ASIANPAINT,-2.893723111824485,,,,,,,,
2016-10-26,1113992.1458734684,"['MANAPPURAM', 'EICHERMOT', 'EXIDEIND', 'BAJFINANCE', 'MARUTI', 'YESBANK']",JSWSTEEL,-6.414774324447903,,,,,,,,
2016-11-04,1043954.503630296,"['EICHERMOT', 'MANAPPURAM', 'EXIDEIND', 'MARUTI', 'IOC', 'TATACOMM']",YESBANK,-7.297024450709874,BAJFINANCE,-13.518807656674827,,,,,,
2016-11-15,912432.7527198641,"['TATACOMM', 'JSWSTEEL', 'NMDC', 'TATASTEEL', 'PETRONET', 'HINDALCO']",EXIDEIND,-8.44809699710803,MARUTI,-15.044195164120284,EICHERMOT,-15.247126021273512,IOC,-6.601306637877623,MANAPPURAM,-23.8434223353963
2016-11-23,924630.0192635402,"['NMDC', 'TATACOMM', 'IOC', 'ONGC', 'VEDL', 'TATASTEEL']",JSWSTEEL,-2.514972713092299,,,,,,,,
2016-12-01,955595.629022904,"['MARUTI', 'NMDC', 'VEDL', 'TATASTEEL', 'TATACOMM', 'NTPC']",IOC,-0.18432037962776318,,,,,,,,
2016-12-09,981377.9176929888,"['YESBANK', 'EICHERMOT', 'HINDALCO', 'ONGC', 'TATACOMM', 'MARUTI']",,,,,,,,,,
2016-12-19,949557.9859404294,"['TATACOMM', 'PETRONET', 'HINDALCO', 'IOC', 'ONGC', 'VEDL']",YESBANK,-3.2752559997753616,EICHERMOT,-5.443578690086049,MARUTI,-2.2913133165949477,,,,
2016-12-27,906826.1691971679,"['ONGC', 'TATACOMM', 'MARUTI', 'VEDL', 'OIL', 'APLAPOLLO']",HINDALCO,-8.040212489142268,PETRONET,-7.531318102341627,,,,,,
2017-01-04,933817.9137386581,"['EXIDEIND', 'BAJAJFINSV', 'ONGC', 'PETRONET', 'OIL', 'EICHERMOT']",,,,,,,,,,
2017-01-12,947266.4778303959,"['EXIDEIND', 'PETRONET', 'BAJAJFINSV', 'EICHERMOT', 'ONGC', 'TATACOMM']",,,,,,,,,,
2017-01-20,952710.2908795871,"['EXIDEIND', 'BAJAJFINSV', 'ONGC', 'MARUTI', 'OIL', 'EICHERMOT']",PETRONET,-2.235101787320523,,,,,,,,
2017-01-31,976746.67603629,"['EXIDEIND', 'MARUTI', 'PETRONET', 'BAJAJFINSV', 'ONGC', 'VEDL']",,,,,,,,,,
2017-02-08,1012008.6374062756,"['EXIDEIND', 'MARUTI', 'BAJAJFINSV', 'OIL', 'ONGC', 'VEDL']",,,,,,,,,,
2017-02-16,1018070.3446891786,"['EXIDEIND', 'PAGEIND', 'BAJAJFINSV', 'MARUTI', 'YESBANK', 'OIL']",ONGC,-0.15427998065574075,,,,,,,,
2017-02-27,1015828.935121116,"['EXIDEIND', 'BAJAJFINSV', 'PAGEIND', 'OIL', 'NMDC', 'IOC']",YESBANK,-1.0473630395501108,MARUTI,-1.2125260396068613,,,,,,
2017-03-07,1023918.1422566149,"['BAJAJFINSV', 'EXIDEIND', 'TATACONSUM', 'NMDC', 'RECLTD', 'OIL']",IOC,-1.8657570471439207,,,,,,,,
2017-03-16,1062451.1414813707,"['BAJAJFINSV', 'EXIDEIND', 'RECLTD', 'TATACONSUM', 'TVSMOTOR', 'OIL']",,,,,,,,,,
2017-03-24,1073466.9352297112,"['BAJAJFINSV', 'RECLTD', 'EXIDEIND', 'TVSMOTOR', 'PETRONET', 'NMDC']",OIL,-1.3925890747577416,,,,,,,,
2017-04-03,1096603.6560029434,"['BAJAJFINSV', 'EXIDEIND', 'RECLTD', 'TVSMOTOR', 'NMDC', 'HDFCBANK']",,,,,,,,,,
2017-04-12,1159527.020335426,"['BAJAJFINSV', 'EXIDEIND', 'RECLTD', 'TVSMOTOR', 'JSL', 'NMDC']",,,,,,,,,,
2017-04-21,1138362.5734674274,"['BAJAJFINSV', 'RECLTD', 'EXIDEIND', 'HDFCBANK', 'TATACONSUM', 'TVSMOTOR']",JSL,-6.578115756386889,NMDC,-3.439240264872577,,,,,,
2017-05-02,1173599.7040281745,"['RECLTD', 'BAJAJFINSV', 'EXIDEIND', 'TVSMOTOR', 'HDFCBANK', 'TATACONSUM']",,,,,,,,,,
2017-05-10,1181208.861902514,"['RECLTD', 'BAJAJFINSV', 'TVSMOTOR', 'LTF', 'EXIDEIND', 'BRITANNIA']",TATACONSUM,-1.807234134444925,,,,,,,,
2017-05-18,1170723.4608940831,"['TVSMOTOR', 'RECLTD', 'BAJAJFINSV', 'LTF', 'APLAPOLLO', 'EXIDEIND']",BRITANNIA,-4.199348339570761,,,,,,,,
2017-05-26,1139517.8955715843,"['TVSMOTOR', 'RECLTD', 'LTF', 'APLAPOLLO', 'EXIDEIND', 'HDFCBANK']",BAJAJFINSV,-7.215787047898002,,,,,,,,
2017-06-05,1129817.012891234,"['HDFCBANK', 'TVSMOTOR', 'LTF', 'UPL', 'KEI', 'BAJAJFINSV']",EXIDEIND,-2.5498220419466473,RECLTD,-7.805236768802229,,,,,,
2017-06-13,1126119.976111299,"['HDFCBANK', 'TVSMOTOR', 'BAJAJFINSV', 'LTF', 'ADANIENT', 'MARUTI']",UPL,-2.943711743102523,KEI,-1.92573188254094,,,,,,
2017-06-21,1141909.0726197409,"['HDFCBANK', 'TVSMOTOR', 'UPL', 'LTF', 'ADANIENT', 'VEDL']",MARUTI,-1.0987951278877885,,,,,,,,
2017-06-30,1140613.8208941685,"['HDFCBANK', 'TVSMOTOR', 'LTF', 'UPL', 'APLAPOLLO', 'ADANIENT']",,,,,,,,,,
2017-07-10,1169597.1558663931,"['HDFCBANK', 'LTF', 'TVSMOTOR', 'APLAPOLLO', 'ADANIENT', 'JSL']",,,,,,,,,,
2017-07-18,1167514.4151154703,"['HDFCBANK', 'LTF', 'APLAPOLLO', 'TVSMOTOR', 'GODREJPROP', 'ADANIENT']",JSL,-1.4819503243269074,,,,,,,,
2017-07-26,1199613.4678191356,"['HDFCBANK', 'APLAPOLLO', 'LTF', 'ADANIENT', 'TVSMOTOR', 'PHOENIXLTD']",,,,,,,,,,
2017-08-03,1208799.3063225483,"['HDFCBANK', 'APLAPOLLO', 'PHOENIXLTD', 'LTF', 'ADANIENT', 'BRITANNIA']",,,,,,,,,,
2017-08-11,1179581.3400511157,"['HDFCBANK', 'PHOENIXLTD', 'APLAPOLLO', 'BRITANNIA', 'VEDL', 'LTF']",ADANIENT,-17.459154814950455,,,,,,,,
2017-08-22,1210648.4765012292,"['HDFCBANK', 'LTF', 'BAJFINANCE', 'BRITANNIA', 'VEDL', 'WIPRO']",APLAPOLLO,-2.2844981283486385,,,,,,,,
2017-08-31,1277962.714694933,"['HDFCBANK', 'ADANIENT', 'LTF', 'BAJFINANCE', 'BRITANNIA', 'TVSMOTOR']",,,,,,,,,,
2017-09-08,1299548.2751912249,"['HDFCBANK', 'ADANIENT', 'BRITANNIA', 'LTF', 'BAJFINANCE', 'CESC']",,,,,,,,,,
2017-09-18,1333389.299523552,"['HDFCBANK', 'BRITANNIA', 'PRESTIGE', 'LTF', 'ADANIENT', 'CESC']",,,,,,,,,,
2017-09-26,1280321.9725739744,"['HDFCBANK', 'BRITANNIA', 'WIPRO', 'TVSMOTOR', 'PRESTIGE', 'LTF']",CESC,-4.310763509078976,ADANIENT,-9.36187870473238,,,,,,
2017-10-05,1286536.6115173942,"['HDFCBANK', 'BRITANNIA', 'LTF', 'BAJFINANCE', 'KOTAKBANK', 'INDUSINDBK']",WIPRO,-2.291144692460602,,,,,,,,
2017-10-13,1344253.9177352835,"['HDFCBANK', 'BRITANNIA', 'LTF', 'BAJFINANCE', 'KOTAKBANK', 'INDUSINDBK']",,,,,,,,,,
2017-10-24,1331746.457202364,"['HDFCBANK', 'BRITANNIA', 'KOTAKBANK', 'LTF', 'BAJFINANCE', 'TVSMOTOR']",INDUSINDBK,-4.8818796817541275,,,,,,,,
2017-11-01,1311145.046255016,"['HDFCBANK', 'BRITANNIA', 'KOTAKBANK', 'BAJFINANCE', 'GRASIM', 'TVSMOTOR']",LTF,-5.059093433922797,,,,,,,,
2017-11-09,1298351.3901078522,"['HDFCBANK', 'BRITANNIA', 'TVSMOTOR', 'IGL', 'TITAN', 'JINDALSTEL']",GRASIM,-1.6034590945510452,KOTAKBANK,-1.8548416527817968,BAJFINANCE,-2.974952273612763,,,,
2017-11-17,1297967.032646007,"['HDFCBANK', 'BRITANNIA', 'KOTAKBANK', 'IGL', 'WIPRO', 'TVSMOTOR']",,,,,,,,,,
2017-11-27,1323180.82490543,"['HDFCBANK', 'BRITANNIA', 'KOTAKBANK', 'TVSMOTOR', 'IGL', 'GODREJPROP']",WIPRO,-0.11858926688738079,,,,,,,,
2017-12-05,1313605.5263468756,"['BRITANNIA', 'HDFCBANK', 'TITAN', 'GODREJPROP', 'PRESTIGE', 'JINDALSTEL']",TVSMOTOR,-0.9668396980173792,KOTAKBANK,-3.5312781415171934,,,,,,
2017-12-13,1305679.72265915,"['BRITANNIA', 'HDFCBANK', 'PRESTIGE', 'TITAN', 'MARUTI', 'JINDALSTEL']",GODREJPROP,-0.6698159538138214,,,,,,,,
2017-12-21,1361144.4707487999,"['BRITANNIA', 'HDFCBANK', 'MARUTI', 'PRESTIGE', 'TITAN', 'TVSMOTOR']",,,,,,,,,,
2018-01-01,1364272.0770609677,"['BRITANNIA', 'HDFCBANK', 'PRESTIGE', 'MARUTI', 'IGL', 'ASTRAL']",TVSMOTOR,-1.332395881021113,TITAN,-0.6989427623864624,,,,,,
2018-01-09,1357440.2617994896,"['HDFCBANK', 'MARUTI', 'TITAN', 'TVSMOTOR', 'IGL', 'PRESTIGE']",BRITANNIA,-2.0324099450399875,,,,,,,,
2018-01-17,1321385.460639586,"['HDFCBANK', 'MARUTI', 'BRITANNIA', 'TITAN', 'ASTRAL', 'PRESTIGE']",TVSMOTOR,-5.256313301510778,IGL,-2.5692567411333447,,,,,,
2018-01-25,1310523.683920845,"['MARUTI', 'CHAMBLFERT', 'HDFCBANK', 'ASTRAL', 'PRESTIGE', 'ASHOKLEY']",TITAN,-1.007731384334549,BRITANNIA,-2.614837731343201,,,,,,
2018-02-05,1281746.8407613537,"['HDFCBANK', 'MARUTI', 'ASHOKLEY', 'JINDALSTEL', 'JSWSTEEL', 'HINDUNILVR']",ASTRAL,-1.8114580325116796,PRESTIGE,-3.6499739448568587,CHAMBLFERT,-7.68984429823589,,,,
2018-02-14,1308889.8976003053,"['BRITANNIA', 'HDFCBANK', 'TATASTEEL', 'PRESTIGE', 'ASHOKLEY', 'CHAMBLFERT']",HINDUNILVR,-0.46834527995476827,MARUTI,-0.8699898802096548,,,,,,
2018-02-22,1278343.685572306,"['BRITANNIA', 'JINDALSTEL', 'JSWSTEEL', 'PRESTIGE', 'ASHOKLEY', 'CHAMBLFERT']",TATASTEEL,-9.950560076441679,HDFCBANK,-1.5904259339858962,,,,,,
2018-03-05,1299539.5391414259,"['JSWSTEEL', 'BRITANNIA', 'JINDALSTEL', 'ASTRAL', 'PRESTIGE', 'ASHOKLEY']",,,,,,,,,,
2018-03-13,1296292.517867076,"['BRITANNIA', 'JSWSTEEL', 'CHOLAFIN', 'TITAN', 'ASHOKLEY', 'CHAMBLFERT']",JINDALSTEL,-3.423657550813999,PRESTIGE,-10.159228278660226,,,,,,
2018-03-21,1293763.1141924306,"['BRITANNIA', 'TITAN', 'CHOLAFIN', 'SHRIRAMFIN', 'JUBLFOOD', 'OBEROIRLTY']",ASHOKLEY,-1.6010582027166598,JSWSTEEL,-4.975277902755846,,,,,,
2018-04-02,1351797.8774646795,"['BRITANNIA', 'TITAN', 'SHRIRAMFIN', 'JSWSTEEL', 'OBEROIRLTY', 'CHOLAFIN']",,,,,,,,,,
2018-04-10,1410277.87396672,"['BRITANNIA', 'OBEROIRLTY', 'TITAN', 'JSWSTEEL', 'JUBLFOOD', 'ASHOKLEY']",,,,,,,,,,
2018-04-18,1424641.573827613,"['OBEROIRLTY', 'BRITANNIA', 'TITAN', 'JUBLFOOD', 'CHAMBLFERT', 'M&M']",JSWSTEEL,-0.4496646540882153,,,,,,,,
2018-04-26,1502278.2625002437,"['BRITANNIA', 'TITAN', 'JUBLFOOD', 'OBEROIRLTY', 'M&M', 'TATACONSUM']",,,,,,,,,,
2018-05-07,1509654.267533523,"['TITAN', 'OBEROIRLTY', 'BRITANNIA', 'SHRIRAMFIN', 'JSWSTEEL', 'JUBLFOOD']",,,,,,,,,,
2018-05-15,1474868.019492597,"['TITAN', 'JUBLFOOD', 'BRITANNIA', 'DIVISLAB', 'OBEROIRLTY', 'CHOLAFIN']",SHRIRAMFIN,-6.308715926835681,,,,,,,,
2018-05-23,1454436.2519634587,"['JUBLFOOD', 'BRITANNIA', 'M&M', 'TATAELXSI', 'BSOFT', 'COFORGE']",TITAN,-1.1707850727199098,CHOLAFIN,-5.48739155658627,DIVISLAB,-4.913690501008201,OBEROIRLTY,-5.965373255980292,,
2018-05-31,1517778.5107650622,"['JUBLFOOD', 'BRITANNIA', 'M&M', 'BSOFT', 'LT', 'EXIDEIND']",,,,,,,,,,
2018-06-08,1519905.8004258075,"['JUBLFOOD', 'BSOFT', 'OBEROIRLTY', 'BRITANNIA', 'EXIDEIND', 'CHOLAFIN']",LT,-1.930093062960886,M&M,-1.2243455310649833,,,,,,
2018-06-18,1542838.6989299802,"['JUBLFOOD', 'BSOFT', 'TECHM', 'BRITANNIA', 'EXIDEIND', 'M&M']",OBEROIRLTY,-0.7585936772736294,,,,,,,,
2018-06-26,1522354.1566146826,"['BSOFT', 'JUBLFOOD', 'M&M', 'COFORGE', 'TECHM', 'BRITANNIA']",EXIDEIND,-0.019860793714041643,,,,,,,,
2018-07-04,1529447.7972354675,"['JUBLFOOD', 'M&M', 'BSOFT', 'COFORGE', 'BRITANNIA', 'EXIDEIND']",TECHM,-4.848417059587814,,,,,,,,
2018-07-12,1570513.082076804,"['JUBLFOOD', 'M&M', 'BSOFT', 'CHOLAFIN', 'BRITANNIA', 'INFY']",,,,,,,,,,
2018-07-20,1573400.1106044073,"['JUBLFOOD', 'INFY', 'M&M', 'BSOFT', 'HINDUNILVR', 'TATAELXSI']",CHOLAFIN,-2.8569707555344666,BRITANNIA,-0.7415449260797806,,,,,,
2018-07-30,1581851.5184871263,"['JUBLFOOD', 'BSOFT', 'INFY', 'M&M', 'HINDUNILVR', 'TATAELXSI']",,,,,,,,,,
2018-08-07,1604042.880546972,"['BSOFT', 'JUBLFOOD', 'INFY', 'M&M', 'TATAELXSI', 'HINDUNILVR']",,,,,,,,,,
2018-08-16,1628856.27991197,"['JUBLFOOD', 'INFY', 'BSOFT', 'BAJFINANCE', 'HINDUNILVR', 'M&M']",,,,,,,,,,
2018-08-27,1656631.3392571765,"['HINDUNILVR', 'INFY', 'BSOFT', 'JUBLFOOD', 'BAJFINANCE', 'M&M']",,,,,,,,,,
2018-09-04,1602431.4811095104,"['INFY', 'BSOFT', 'JUBLFOOD', 'BAJFINANCE', 'EXIDEIND', 'TATAELXSI']",M&M,-4.577817629532639,HINDUNILVR,-7.872553197313057,,,,,,
2018-09-12,1556416.6152180333,"['INFY', 'TCS', 'COFORGE', 'BSOFT', 'PERSISTENT', 'DABUR']",JUBLFOOD,-7.154465827157656,EXIDEIND,-1.6770083142082326,BAJFINANCE,-5.545622924773468,TATAELXSI,-5.650431981721104,,
2018-09-24,1498762.117109645,"['TCS', 'INFY', 'DIVISLAB', 'TECHM', 'DABUR', 'RELIANCE']",COFORGE,-7.023123415979557,BSOFT,-9.884381588494138,PERSISTENT,-3.137813114207292,,,,
2018-10-03,1478353.5812789188,"['TCS', 'INFY', 'SUNPHARMA', 'TECHM', 'DIVISLAB', 'JSWSTEEL']",DABUR,-1.6419981739846743,RELIANCE,-2.1874172988054656,,,,,,
2018-10-11,1379090.8913258533,"['DIVISLAB', 'ADANIENT', 'DRREDDY', 'WIPRO', 'AARTIIND', 'AUROPHARMA']",TCS,-8.456440411722067,INFY,-7.570349194831655,JSWSTEEL,-5.6598686738339286,TECHM,-7.291880270241823,SUNPHARMA,-5.500543794818009
2018-10-22,1443110.3000621514,"['COFORGE', 'DIVISLAB', 'BIOCON', 'SUNPHARMA', 'ADANIENT', 'DRREDDY']",AARTIIND,-2.551835857244874,,,,,,,,
2018-10-30,1449826.797720905,"['COFORGE', 'DIVISLAB', 'BIOCON', 'HAVELLS', 'ADANIENT', 'DRREDDY']",SUNPHARMA,-7.39003996441604,,,,,,,,
2018-11-07,1425685.3647034871,"['TORNTPOWER', 'NESTLEIND', 'HINDUNILVR', 'DIVISLAB', 'SRF', 'HCLTECH']",COFORGE,-3.2687325793973847,ADANIENT,-1.9520832024791934,BIOCON,-1.0942637075913035,DRREDDY,-5.448473564925109,,
2018-11-16,1452445.72477452,"['NESTLEIND', 'TORNTPOWER', 'BAJFINANCE', 'HINDUNILVR', 'DIVISLAB', 'LT']",HCLTECH,-0.9063961154613773,,,,,,,,
2018-11-27,1450506.3236403882,"['NESTLEIND', 'BAJFINANCE', 'HINDUNILVR', 'INDHOTEL', 'DIVISLAB', 'TORNTPOWER']",,,,,,,,,,
2018-12-05,1482652.8862275586,"['NESTLEIND', 'HINDUNILVR', 'TCS', 'INFY', 'BAJFINANCE', 'DIVISLAB']",,,,,,,,,,
2018-12-13,1506232.2417047063,"['HINDUNILVR', 'NESTLEIND', 'BAJFINANCE', 'DIVISLAB', 'TCS', 'INFY']",,,,,,,,,,
2018-12-21,1471277.185027497,"['HINDUNILVR', 'NESTLEIND', 'BAJFINANCE', 'DIVISLAB', 'TORNTPOWER', 'DABUR']",INFY,-7.388054038956529,TCS,-4.3780948148392,,,,,,
2019-01-01,1471035.69183004,"['HINDUNILVR', 'NESTLEIND', 'BAJFINANCE', 'DIVISLAB', 'TECHM', 'RBLBANK']",DABUR,-3.632190979729629,,,,,,,,
2019-01-09,1452136.730878351,"['HINDUNILVR', 'NESTLEIND', 'INFY', 'RBLBANK', 'BAJFINANCE', 'BRITANNIA']",DIVISLAB,-0.14910243991197814,TECHM,-3.532198838460907,,,,,,
2019-01-17,1471907.501279214,"['HINDUNILVR', 'NESTLEIND', 'INFY', 'BAJFINANCE', 'DABUR', 'RELIANCE']",RBLBANK,-1.2389530254020553,,,,,,,,
2019-01-25,1511512.5504313444,"['HINDUNILVR', 'NESTLEIND', 'BAJFINANCE', 'RELIANCE', 'RBLBANK', 'DABUR']",,,,,,,,,,
2019-02-04,1548607.91669161,"['HINDUNILVR', 'INFY', 'NESTLEIND', 'MARICO', 'RBLBANK', 'BAJFINANCE']",,,,,,,,,,
2019-02-12,1510385.3208045568,"['INFY', 'HINDUNILVR', 'WIPRO', 'AXISBANK', 'RELIANCE', 'DIVISLAB']",NESTLEIND,-6.5022175040989225,MARICO,-1.8656996222509457,RBLBANK,-5.214478757681791,,,,
2019-02-21,1479368.818906879,"['INFY', 'WIPRO', 'RELIANCE', 'AXISBANK', 'HCLTECH', 'COFORGE']",DIVISLAB,-5.3781750320085555,HINDUNILVR,-2.2178691970822437,,,,,,
2019-03-01,1486981.988917804,"['INFY', 'WIPRO', 'TCS', 'MANAPPURAM', 'DRREDDY', 'RELIANCE']",,,,,,,,,,
2019-03-12,1489081.8096994832,"['TCS', 'AUROPHARMA', 'DRREDDY', 'RELIANCE', 'DIVISLAB', 'PETRONET']",WIPRO,-7.248716637340016,INFY,-4.71089172040573,,,,,,
2019-03-20,1504922.2118804022,"['INFY', 'AUROPHARMA', 'DRREDDY', 'HCLTECH', 'DIVISLAB', 'KEI']",,,,,,,,,,
2019-04-01,1561662.6334915387,"['INFY', 'DRREDDY', 'DIVISLAB', 'TECHM', 'TORNTPOWER', 'AUROPHARMA']",,,,,,,,,,
2019-04-09,1550185.2528069008,"['WIPRO', 'DRREDDY', 'SRF', 'AXISBANK', 'DIVISLAB', 'PETRONET']",AUROPHARMA,-0.8077231892572281,TORNTPOWER,-2.102680430709437,,,,,,
2019-04-18,1567006.4907251957,"['WIPRO', 'DRREDDY', 'SRF', 'AXISBANK', 'PETRONET', 'AUROPHARMA']",,,,,,,,,,
2019-04-30,1613450.915368406,"['WIPRO', 'DRREDDY', 'SRF', 'AXISBANK', 'PETRONET', 'RECLTD']",,,,,,,,,,
2019-05-09,1551639.1193780603,"['WIPRO', 'SRF', 'UPL', 'PETRONET', 'BAJFINANCE', 'DRREDDY']",AXISBANK,-4.674962029920167,RECLTD,-7.387341263008185,,,,,,
2019-05-17,1603821.603977403,"['WIPRO', 'SRF', 'AXISBANK', 'UPL', 'PETRONET', 'BAJFINANCE']",DRREDDY,-5.364388436850145,,,,,,,,
2019-05-27,1671684.9126317094,"['WIPRO', 'BAJFINANCE', 'SRF', 'UPL', 'PETRONET', 'RECLTD']",,,,,,,,,,
2019-06-04,1687229.1920536037,"['WIPRO', 'BAJFINANCE', 'SRF', 'HCLTECH', 'UPL', 'PETRONET']",,,,,,,,,,
2019-06-13,1686076.0901964447,"['WIPRO', 'UPL', 'ADANIENT', 'BAJFINANCE', 'HDFCBANK', 'SRF']",PETRONET,-3.870316209375726,,,,,,,,
2019-06-21,1643652.250538635,"['WIPRO', 'ADANIENT', 'BAJFINANCE', 'HDFCBANK', 'SRF', 'TITAN']",UPL,-11.432847161332353,,,,,,,,
2019-07-01,1675982.427857188,"['BAJFINANCE', 'HDFCBANK', 'TITAN', 'RECLTD', 'KOTAKBANK', 'SRF']",WIPRO,-1.3468905163707139,,,,,,,,
2019-07-09,1546896.3753915967,"['BAJFINANCE', 'HDFCBANK', 'HINDPETRO', 'KOTAKBANK', 'SIEMENS', 'SRF']",TITAN,-16.947537146899304,RECLTD,-15.351414617503286,,,,,,
2019-07-17,1540665.0107938787,"['BAJFINANCE', 'RECLTD', 'HDFCBANK', 'GODREJPROP', 'HINDPETRO', 'INFY']",SIEMENS,-3.1267262504069757,SRF,-3.072258496810543,,,,,,
2019-07-25,1446641.0125370354,"['GODREJPROP', 'KOTAKBANK', 'NAUKRI', 'NESTLEIND', 'APOLLOHOSP', 'INFY']",HINDPETRO,-10.18518067844095,HDFCBANK,-4.6466021256827945,BAJFINANCE,-12.034773839144362,RECLTD,-4.529171087741295,,
2019-08-02,1426839.2512768926,"['GODREJPROP', 'MUTHOOTFIN', 'INFY', 'KOTAKBANK', 'TRENT', 'TATACONSUM']",NESTLEIND,-0.726395979656475,APOLLOHOSP,-2.485844757658767,NAUKRI,-2.6612917885358103,,,,
2019-08-13,1406964.7951101824,"['SRF', 'PETRONET', 'HINDUNILVR', 'INFY', 'KOTAKBANK', 'TRENT']",TATACONSUM,-0.7530126776489439,GODREJPROP,-3.592970350488642,MUTHOOTFIN,-3.4363425718787326,,,,
2019-08-22,1427138.295265146,"['INFY', 'SRF', 'PETRONET', 'TRENT', 'TCS', 'COFORGE']",KOTAKBANK,-2.1933322931597896,,,,,,,,
2019-08-30,1485583.2313613475,"['BAJFINANCE', 'PETRONET', 'ASTRAL', 'RECLTD', 'INFY', 'TRENT']",SRF,-0.4717006914878249,,,,,,,,
2019-09-11,1486512.1390524008,"['BAJFINANCE', 'BAJAJFINSV', 'PETRONET', 'COFORGE', 'RECLTD', 'MANAPPURAM']",ASTRAL,-2.0199795221892627,TRENT,-2.9088912707480095,,,,,,
2019-09-19,1414744.9016273143,"['BAJFINANCE', 'COFORGE', 'INFY', 'TITAN', 'PETRONET', 'MANAPPURAM']",BAJAJFINSV,-2.2510842317125976,RECLTD,-15.526519608613624,,,,,,
2019-09-27,1528249.4223650259,"['BAJFINANCE', 'PETRONET', 'COFORGE', 'BAJAJFINSV', 'MANAPPURAM', 'TITAN']",INFY,-4.691103799255907,,,,,,,,
2019-10-09,1495471.5899084618,"['BAJFINANCE', 'BAJAJFINSV', 'MANAPPURAM', 'INDHOTEL', 'IGL', 'PETRONET']",TITAN,-4.185946840633621,COFORGE,-1.4848823030822922,,,,,,
2019-10-17,1516170.6954633952,"['BAJFINANCE', 'TITAN', 'COFORGE', 'BAJAJFINSV', 'INDHOTEL', 'ABB']",,,,,,,,,,
2019-10-27,1525068.8292594806,"['BAJFINANCE', 'MANAPPURAM', 'ADANIENT', 'TITAN', 'COFORGE', 'BAJAJFINSV']",ABB,-0.24352609174309253,,,,,,,,
2019-11-05,1597143.7533371344,"['BAJFINANCE', 'ADANIENT', 'IGL', 'BAJAJFINSV', 'MANAPPURAM', 'BPCL']",TITAN,-2.7350471855307803,,,,,,,,
2019-11-14,1619144.531001538,"['BAJFINANCE', 'DABUR', 'IGL', 'BAJAJFINSV', 'MANAPPURAM', 'HDFCLIFE']",BPCL,-0.5507181139696997,,,,,,,,
2019-11-22,1592050.5589851635,"['BAJFINANCE', 'IGL', 'MANAPPURAM', 'HDFCLIFE', 'DABUR', 'BAJAJFINSV']",,,,,,,,,,
2019-12-02,1569105.5601948835,"['BAJFINANCE', 'MANAPPURAM', 'IGL', 'BAJAJFINSV', 'BHARTIARTL', 'PETRONET']",DABUR,-2.1668879274173025,HDFCLIFE,-2.8990399308665915,,,,,,
2019-12-10,1552174.144501946,"['IGL', 'BAJFINANCE', 'BAJAJFINSV', 'MANAPPURAM', 'DABUR', 'HINDUNILVR']",BHARTIARTL,-2.5294411094276983,PETRONET,-2.3548415352746326,,,,,,
2019-12-18,1600014.7240463968,"['DABUR', 'IGL', 'BAJFINANCE', 'HDFCLIFE', 'RELIANCE', 'SIEMENS']",HINDUNILVR,-4.779417332235783,,,,,,,,
2019-12-27,1614029.639965105,"['RELIANCE', 'BHARTIARTL', 'IGL', 'DABUR', 'ADANIGREEN', 'BAJFINANCE']",,,,,,,,,,
2020-01-06,1651645.1906324504,"['RELIANCE', 'BHARTIARTL', 'IGL', 'HDFCLIFE', 'ADANIGREEN', 'MANAPPURAM']",DABUR,-2.566324635292736,BAJFINANCE,-6.018598630562769,,,,,,
2020-01-14,1678530.3238978088,"['DABUR', 'HDFCLIFE', 'RELIANCE', 'ADANIGREEN', 'BHARTIARTL', 'IGL']",,,,,,,,,,
2020-01-22,1735882.305074406,"['DABUR', 'HDFCLIFE', 'ADANIGREEN', 'BHARTIARTL', 'NMDC', 'SJVN']",,,,,,,,,,
2020-01-30,1655787.2315847515,"['ADANIGREEN', 'NMDC', 'HDFCLIFE', 'DABUR', 'PHOENIXLTD', 'SJVN']",BHARTIARTL,-4.800772400586192,,,,,,,,
2020-02-07,1716210.589856309,"['DABUR', 'ADANIGREEN', 'BHARTIARTL', 'PHOENIXLTD', 'SJVN', 'MCX']",HDFCLIFE,-0.7910868521023484,NMDC,-5.52326488473711,,,,,,
2020-02-17,1681952.7966659735,"['DABUR', 'PHOENIXLTD', 'TRENT', 'ADANIGREEN', 'BHARTIARTL', 'MCX']",SJVN,-4.030708527685943,,,,,,,,
2020-02-26,1653358.6911048712,"['DABUR', 'PHOENIXLTD', 'MANAPPURAM', 'APOLLOHOSP', 'HINDUNILVR', 'INFY']",BHARTIARTL,-5.116385592384802,ADANIGREEN,-13.511470747205978,TRENT,-1.5737469142779452,,,,
2020-03-05,1593761.122351978,"['DABUR', 'DIXON', 'APOLLOHOSP', 'HINDUNILVR', 'TRENT', 'BHARTIARTL']",MANAPPURAM,-10.385934044803385,PHOENIXLTD,-7.401966782264431,INFY,-3.596304104385042,,,,
2020-03-16,1384671.833587415,"['BHARTIARTL', 'DIXON', 'PIDILITIND', 'TORNTPHARM', 'DIVISLAB', 'GRANULES']",DABUR,-16.690812696797945,APOLLOHOSP,-14.729030638086368,TRENT,-16.478071464267014,HINDUNILVR,-12.448161543455992,,
2020-03-24,1219579.460745039,"['ADANIGREEN', 'DIVISLAB', 'HINDUNILVR', 'TORNTPHARM', 'DIXON', 'DRREDDY']",BHARTIARTL,-13.070139145932053,PIDILITIND,-13.879510533297601,GRANULES,-20.775801029442647,,,,
2020-04-01,1300186.477391787,"['DRREDDY', 'HINDUNILVR', 'NESTLEIND', 'ADANIGREEN', 'TORNTPHARM', 'GRANULES']",DIVISLAB,-2.237042129457154,,,,,,,,
2020-04-15,1527798.4963409356,"['DRREDDY', 'PIDILITIND', 'ADANIGREEN', 'DIVISLAB', 'AARTIIND', 'HINDUNILVR']",,,,,,,,,,
2020-04-23,1562907.4188839193,"['TATACONSUM', 'DRREDDY', 'ADANIGREEN', 'DIVISLAB', 'DIXON', 'HINDUNILVR']",,,,,,,,,,
2020-05-04,1563736.6095733272,"['DRREDDY', 'DIXON', 'ADANIGREEN', 'DIVISLAB', 'AARTIIND', 'TORNTPHARM']",HINDUNILVR,-10.133767459487263,,,,,,,,
2020-05-12,1552263.9817348842,"['DIXON', 'DRREDDY', 'ADANIGREEN', 'JUBLFOOD', 'DIVISLAB', 'AARTIIND']",,,,,,,,,,
2020-05-20,1567450.56157409,"['DIXON', 'DRREDDY', 'ADANIGREEN', 'DIVISLAB', 'AARTIIND', 'BALKRISIND']",JUBLFOOD,-4.512373393633368,,,,,,,,
2020-05-29,1650487.7899417977,"['DIXON', 'DRREDDY', 'ADANIGREEN', 'DIVISLAB', 'NESTLEIND', 'AARTIIND']",,,,,,,,,,
2020-06-08,1699338.992353421,"['ADANIGREEN', 'DIXON', 'DIVISLAB', 'DRREDDY', 'NESTLEIND', 'BALKRISIND']",AARTIIND,-5.424375683261902,,,,,,,,
2020-06-16,1800537.9092192927,"['ADANIGREEN', 'DIXON', 'DRREDDY', 'DIVISLAB', 'AUROPHARMA', 'BALKRISIND']",NESTLEIND,-2.575326646511119,,,,,,,,
2020-06-24,1948838.9751231724,"['ADANIGREEN', 'JUBLFOOD', 'DIXON', 'MCX', 'DRREDDY', 'DIVISLAB']",,,,,,,,,,
2020-07-02,1835691.4866886563,"['ADANIGREEN', 'DIXON', 'JUBLFOOD', 'MCX', 'AUROPHARMA', 'BALKRISIND']",DIVISLAB,-6.180197500089804,DRREDDY,-3.020308193197362,,,,,,
2020-07-10,1876088.317373971,"['DIXON', 'ADANIGREEN', 'MCX', 'AUROPHARMA', 'BALKRISIND', 'DRREDDY']",JUBLFOOD,-6.087574053129679,,,,,,,,
2020-07-20,1923337.9258029195,"['DIXON', 'ADANIGREEN', 'JUBLFOOD', 'AUROPHARMA', 'DRREDDY', 'DIVISLAB']",BALKRISIND,-0.850454815666748,,,,,,,,
2020-07-28,1907294.3500031973,"['DIXON', 'JUBLFOOD', 'AUROPHARMA', 'BALKRISIND', 'DRREDDY', 'ADANIGREEN']",,,,,,,,,,
2020-08-05,2059371.2357150211,"['DIXON', 'AUROPHARMA', 'ADANIGREEN', 'BSOFT', 'DIVISLAB', 'BIOCON']",,,,,,,,,,
2020-08-13,2190714.917191825,"['DIXON', 'AUROPHARMA', 'BIOCON', 'BSOFT', 'DIVISLAB', 'MCX']",,,,,,,,,,
2020-08-21,2269342.7428625454,"['DIXON', 'BSOFT', 'DIVISLAB', 'AUROPHARMA', 'BIOCON', 'MCX']",,,,,,,,,,
2020-08-31,2169129.462406169,"['DIXON', 'DIVISLAB', 'AUROPHARMA', 'BSOFT', 'MCX', 'BRITANNIA']",BIOCON,-4.542569664795443,,,,,,,,
2020-09-08,2271142.267176068,"['DIXON', 'DIVISLAB', 'BSOFT', 'BIOCON', 'JUBLFOOD', 'LAURUSLABS']",AUROPHARMA,-2.787727901327087,MCX,-3.121864967696883,,,,,,
2020-09-16,2435745.2536734273,"['DIXON', 'BSOFT', 'DIVISLAB', 'AUROPHARMA', 'BIOCON', 'JUBLFOOD']",,,,,,,,,,
2020-09-24,2197779.046009077,"['DIXON', 'BSOFT', 'ADANIENT', 'DIVISLAB', 'JUBLFOOD', 'LAURUSLABS']",BIOCON,-6.9303495196214415,AUROPHARMA,-10.617725370518787,,,,,,
2020-10-05,2407614.5720743192,"['DIXON', 'BSOFT', 'JUBLFOOD', 'ADANIENT', 'DIVISLAB', 'LAURUSLABS']",,,,,,,,,,
2020-10-13,2426453.6747411336,"['DIXON', 'BSOFT', 'DIVISLAB', 'JUBLFOOD', 'CDSL', 'ADANIENT']",,,,,,,,,,
2020-10-21,2410446.852227839,"['DIXON', 'BSOFT', 'ADANIENT', 'TATAELXSI', 'DIVISLAB', 'BIOCON']",JUBLFOOD,-0.6517320933202532,CDSL,-2.4678484740319466,,,,,,
2020-10-29,2329381.301670664,"['DIXON', 'ADANIENT', 'TATAELXSI', 'DIVISLAB', 'JUBLFOOD', 'CDSL']",BSOFT,-10.527659040916648,BIOCON,-8.280251546488488,,,,,,
2020-11-06,2446517.183345164,"['DIXON', 'DIVISLAB', 'TATAELXSI', 'BSOFT', 'LAURUSLABS', 'PIIND']",CDSL,-0.010759351675531333,,,,,,,,
2020-11-14,2502702.0713614314,"['DIXON', 'TATAELXSI', 'BSOFT', 'DIVISLAB', 'LAURUSLABS', 'PIIND']",,,,,,,,,,
2020-11-24,2586608.2464922853,"['DIXON', 'TATAELXSI', 'DIVISLAB', 'ADANIGREEN', 'BSOFT', 'LAURUSLABS']",,,,,,,,,,
2020-12-03,2678606.110779444,"['DIXON', 'TATAELXSI', 'ADANIGREEN', 'DIVISLAB', 'PIIND', 'BSOFT']",,,,,,,,,,
2020-12-11,2718331.85480573,"['DIXON', 'TATAELXSI', 'ADANIGREEN', 'DIVISLAB', 'BIOCON', 'LAURUSLABS']",PIIND,-1.2213344637349632,,,,,,,,
2020-12-21,2715832.676094224,"['DIXON', 'ADANIGREEN', 'TATAELXSI', 'ADANIENT', 'M&M', 'TATACONSUM']",DIVISLAB,-0.21828994880123603,BIOCON,-1.2074656383613014,,,,,,
2020-12-30,2914177.8379217032,"['DIXON', 'TATAELXSI', 'ADANIGREEN', 'ACC', 'ADANIENT', 'M&M']",,,,,,,,,,
2021-01-07,3156547.102779491,"['DIXON', 'ADANIENT', 'TATAELXSI', 'TATACONSUM', 'LAURUSLABS', 'APLAPOLLO']",,,,,,,,,,
2021-01-15,3230892.767579543,"['DIXON', 'LAURUSLABS', 'ADANIENT', 'TATAELXSI', 'TATACONSUM', 'BSOFT']",,,,,,,,,,
2021-01-25,3145609.5242799744,"['DIXON', 'LAURUSLABS', 'APLAPOLLO', 'ADANIENT', 'TATAELXSI', 'TATACONSUM']",BSOFT,-4.017861576876243,,,,,,,,
2021-02-03,3386545.673402774,"['DIXON', 'ADANIENT', 'TATAELXSI', 'LAURUSLABS', 'APLAPOLLO', 'M&M']",,,,,,,,,,
2021-02-11,3757463.8441283717,"['DIXON', 'ADANIENT', 'TATAELXSI', 'LAURUSLABS', 'APLAPOLLO', 'ACC']",,,,,,,,,,
2021-02-19,3855349.7311317963,"['DIXON', 'LAURUSLABS', 'ADANIENT', 'TATAELXSI', 'APLAPOLLO', 'APOLLOHOSP']",ACC,-1.610396162277036,,,,,,,,
2021-03-01,3966510.7842154247,"['DIXON', 'ADANIENT', 'APOLLOHOSP', 'TATAELXSI', 'LAURUSLABS', 'APLAPOLLO']",,,,,,,,,,
2021-03-09,4075195.338776253,"['DIXON', 'ADANIENT', 'APOLLOHOSP', 'TATAELXSI', 'SIEMENS', 'DALBHARAT']",LAURUSLABS,-4.66042550180044,,,,,,,,
2021-03-18,4178999.65860433,"['DIXON', 'ADANIENT', 'APOLLOHOSP', 'TATAELXSI', 'DALBHARAT', 'APLAPOLLO']",SIEMENS,-5.788141958776789,,,,,,,,
2021-03-26,4100783.781950451,"['DIXON', 'ADANIENT', 'APOLLOHOSP', 'APLAPOLLO', 'SIEMENS', 'TATAPOWER']",TATAELXSI,-0.9159835971228159,DALBHARAT,-1.3386486245104503,,,,,,
2021-04-07,4263279.660317369,"['DIXON', 'ADANIENT', 'APLAPOLLO', 'APOLLOHOSP', 'TATAELXSI', 'TATAPOWER']",SIEMENS,-1.0443391034526608,,,,,,,,
2021-04-16,4258973.014772611,"['DIXON', 'ADANIENT', 'APOLLOHOSP', 'TATAELXSI', 'TECHM', 'PERSISTENT']",TATAPOWER,-6.988978404669613,,,,,,,,
2021-04-27,4417604.480874514,"['DIXON', 'ADANIENT', 'APLAPOLLO', 'APOLLOHOSP', 'TITAN', 'ACC']",TECHM,-4.063146101885262,PERSISTENT,-0.5148492479896247,,,,,,
2021-05-05,4515291.7379196575,"['ADANIENT', 'DIXON', 'APOLLOHOSP', 'GRASIM', 'ADANIPORTS', 'APLAPOLLO']",TITAN,-4.4612396619079755,,,,,,,,
2021-05-14,4324301.707721487,"['DIXON', 'ADANIENT', 'GRASIM', 'TATACONSUM', 'APLAPOLLO', 'NMDC']",APOLLOHOSP,-5.759249848897995,ADANIPORTS,-0.616453371669408,,,,,,
2021-05-24,4401588.817130391,"['DIXON', 'ADANIENT', 'PIDILITIND', 'TATACONSUM', 'APLAPOLLO', 'NMDC']",,,,,,,,,,
2021-06-01,4601075.942873816,"['DIXON', 'ADANIENT', 'GRASIM', 'NMDC', 'APOLLOHOSP', 'PIDILITIND']",,,,,,,,,,
2021-06-09,4819775.811774692,"['DIXON', 'NMDC', 'ADANIENT', 'APOLLOHOSP', 'GRASIM', 'PIDILITIND']",,,,,,,,,,
2021-06-17,4632029.6043319935,"['APOLLOHOSP', 'PIDILITIND', 'TITAN', 'DIXON', 'ADANIENT', 'GRASIM']",,,,,,,,,,
2021-06-25,4898692.154654087,"['ADANIENT', 'PIDILITIND', 'TITAN', 'DIXON', 'APOLLOHOSP', 'GRASIM']",,,,,,,,,,
2021-07-05,4886018.525477683,"['ADANIENT', 'PIDILITIND', 'TITAN', 'DIXON', 'APOLLOHOSP', 'GRASIM']",,,,,,,,,,
2021-07-13,4921729.426587965,"['PIDILITIND', 'DIXON', 'ADANIENT', 'TATACHEM', 'TATAPOWER', 'TITAN']",,,,,,,,,,
2021-07-22,4912401.996699567,"['PIDILITIND', 'DIXON', 'ADANIENT', 'TITAN', 'JSL', 'OIL']",TATACHEM,-2.5863717570350566,TATAPOWER,-0.2821496884434914,,,,,,
2021-07-30,4900102.815865752,"['PIDILITIND', 'ADANIENT', 'VEDL', 'TATACHEM', 'TATACONSUM', 'OIL']",DIXON,-6.144256417935024,,,,,,,,
2021-08-09,5069664.08619675,"['ADANIENT', 'TATACONSUM', 'PIDILITIND', 'TATACHEM', 'KEI', 'APOLLOHOSP']",OIL,-0.809098787056491,,,,,,,,
2021-08-17,5268083.228009032,"['ADANIENT', 'APOLLOHOSP', 'BALKRISIND', 'HAL', 'PIDILITIND', 'TATACONSUM']",KEI,-0.16171487782668975,,,,,,,,
2021-08-26,5443454.2453861,"['ADANIENT', 'APOLLOHOSP', 'BALKRISIND', 'HAL', 'TATACHEM', 'TATASTEEL']",,,,,,,,,,
2021-09-03,5756978.689872768,"['ADANIENT', 'TATACHEM', 'BAJAJFINSV', 'APOLLOHOSP', 'BALKRISIND', 'CHAMBLFERT']",,,,,,,,,,
2021-09-14,5691856.256232797,"['TATACHEM', 'BAJAJFINSV', 'ADANIENT', 'APOLLOHOSP', 'CHAMBLFERT', 'SRF']",,,,,,,,,,
2021-09-22,5642058.836087303,"['BAJAJFINSV', 'SRF', 'TATACHEM', 'TATACONSUM', 'HCLTECH', 'OFSS']",ADANIENT,-4.9861255853742215,CHAMBLFERT,-4.480176672519215,,,,,,
2021-09-30,5670496.086383391,"['BAJAJFINSV', 'ADANIENT', 'APOLLOHOSP', 'SRF', 'TATACHEM', 'TATAELXSI']",HCLTECH,-2.732760859644712,TATACONSUM,-4.747419675819983,OFSS,-2.5027175558292556,,,,
2021-10-08,5891147.451420169,"['BAJAJFINSV', 'TATAELXSI', 'TATACONSUM', 'OFSS', 'COFORGE', 'ADANIENT']",APOLLOHOSP,-2.2837839282657555,,,,,,,,
2021-10-19,6086536.817673234,"['BAJAJFINSV', 'TATAELXSI', 'COFORGE', 'BALKRISIND', 'TRENT', 'SRF']",,,,,,,,,,
2021-10-27,5632521.203711734,"['BAJAJFINSV', 'TRENT', 'TATAELXSI', 'JSWENERGY', 'CGPOWER', 'RELIANCE']",BALKRISIND,-3.820994586084392,COFORGE,-13.965094653585963,SRF,-7.056973513272884,,,,
2021-11-04,5631576.255392661,"['BAJAJFINSV', 'TRENT', 'TATAELXSI', 'CHAMBLFERT', 'RELIANCE', 'SRF']",JSWENERGY,-9.289308616066224,,,,,,,,
2021-11-15,5859546.857266706,"['BAJAJFINSV', 'TRENT', 'COFORGE', 'TATAELXSI', 'PERSISTENT', 'ADANIENT']",,,,,,,,,,
2021-11-24,5607264.539802879,"['BAJAJFINSV', 'TRENT', 'COFORGE', 'CGPOWER', 'TATAELXSI', 'MPHASIS']",PERSISTENT,-3.4928481163801437,,,,,,,,
2021-12-02,5546598.316678487,"['TATAELXSI', 'COFORGE', 'BAJAJFINSV', 'CDSL', 'CGPOWER', 'KEI']",TRENT,-5.877256253096215,MPHASIS,-3.270399362796194,,,,,,
2021-12-10,5540005.259265486,"['TATAELXSI', 'COFORGE', 'KEI', 'BAJAJFINSV', 'PERSISTENT', 'CDSL']",,,,,,,,,,
2021-12-20,5260810.279275685,"['KEI', 'PERSISTENT', 'CDSL', 'CHAMBLFERT', 'PIDILITIND', 'JSL']",COFORGE,-2.5097176800367316,BAJAJFINSV,-10.642476400622934,TATAELXSI,-9.342232697639457,,,,
2021-12-28,5527431.322430295,"['COFORGE', 'KEI', 'CDSL', 'CHAMBLFERT', 'PERSISTENT', 'TITAN']",,,,,,,,,,
2022-01-05,5770171.899947017,"['CHAMBLFERT', 'TATAELXSI', 'COFORGE', 'BAJAJFINSV', 'TRENT', 'KEI']",,,,,,,,,,
2022-01-13,5958853.228522126,"['TATAELXSI', 'COFORGE', 'CHAMBLFERT', 'TRENT', 'ASTRAL', 'BAJAJFINSV']",KEI,-1.2314082278061176,,,,,,,,
2022-01-21,5894460.63026961,"['CHAMBLFERT', 'TRENT', 'TATAELXSI', 'ASTRAL', 'KEI', 'BAJFINANCE']",COFORGE,-9.190365348452538,BAJAJFINSV,-10.369277342248532,,,,,,
2022-02-01,5552907.280251429,"['CHAMBLFERT', 'TATAELXSI', 'PERSISTENT', 'CGPOWER', 'SRF', 'KEI']",ASTRAL,-8.205883545782736,TRENT,-10.27626770225367,BAJFINANCE,-4.870658649216522,,,,
2022-02-09,5533092.468522139,"['TATAELXSI', 'PERSISTENT', 'CGPOWER', 'SRF', 'CDSL', 'HAL']",KEI,-4.181104843277153,CHAMBLFERT,-3.0680086962565647,,,,,,
2022-02-17,5248045.142155284,"['TATAELXSI', 'CGPOWER', 'HAL', 'RELIANCE', 'SRF', 'ADANIGREEN']",CDSL,-2.131250647324337,PERSISTENT,-10.383606075657926,,,,,,
2022-02-25,5015795.027465204,"['SRF', 'ADANIGREEN', 'BANKBARODA', 'FEDERALBNK', 'CUMMINSIND', 'ONGC']",RELIANCE,-6.529560640749842,TATAELXSI,-6.360519269410256,CGPOWER,-2.3939999254934086,HAL,-3.660554414518645,,
2022-03-08,4826530.649682797,"['TRENT', 'PERSISTENT', 'ADANIGREEN', 'INFY', 'IOC', 'SUNPHARMA']",SRF,-9.697317628547864,CUMMINSIND,-1.4745748755624084,BANKBARODA,-8.754691895548378,FEDERALBNK,-7.338505600804323,,
2022-03-16,5075554.310676192,"['TATAELXSI', 'CHAMBLFERT', 'TRENT', 'ADANIGREEN', 'PIDILITIND', 'RELIANCE']",,,,,,,,,,
2022-03-25,5405836.026538171,"['TATAELXSI', 'CHAMBLFERT', 'TRENT', 'ADANIGREEN', 'CGPOWER', 'GAIL']",PIDILITIND,-0.2618814528989683,,,,,,,,
2022-04-04,5782325.423691732,"['TATAELXSI', 'CHAMBLFERT', 'TRENT', 'ADANIGREEN', 'PERSISTENT', 'CGPOWER']",,,,,,,,,,
2022-04-12,5923946.84650877,"['CHAMBLFERT', 'TATAELXSI', 'TRENT', 'ADANIGREEN', 'CGPOWER', 'IOC']",PERSISTENT,-8.530731778364995,,,,,,,,
2022-04-22,6014881.439117861,"['CHAMBLFERT', 'TATAELXSI', 'ADANIGREEN', 'TRENT', 'CGPOWER', 'IOC']",,,,,,,,,,
2022-05-02,5783569.851749871,"['CHAMBLFERT', 'ADANIGREEN', 'CGPOWER', 'TRENT', 'BANKBARODA', 'CESC']",TATAELXSI,-8.204717883385166,IOC,-5.731290733582052,,,,,,
2022-05-11,5188058.192137112,"['ADANIGREEN', 'ABB', 'SOLARINDS', 'POWERGRID', 'ADANIENT', 'ITC']",CGPOWER,-11.578387792618427,CHAMBLFERT,-11.465097477221557,BANKBARODA,-10.19954456515946,CESC,-7.413992700066839,TRENT,-14.284534297037588
2022-05-19,5102586.431843564,"['TATAELXSI', 'ABB', 'POWERGRID', 'ADANIENT', 'ITC', 'M&M']",ADANIGREEN,-12.48277195419352,,,,,,,,
2022-05-27,5153278.223090487,"['TATAELXSI', 'RELIANCE', 'GMRAIRPORT', 'POWERGRID', 'ADANIENT', 'ITC']",,,,,,,,,,
2022-06-06,5310538.97149111,"['TATAELXSI', 'ABB', 'POWERGRID', 'ADANIENT', 'CGPOWER', 'INDHOTEL']",GMRAIRPORT,-1.9788917409089932,,,,,,,,
2022-06-14,5115530.798103235,"['ABB', 'TATAELXSI', 'ITC', 'RELIANCE', 'M&MFIN', 'KEI']",POWERGRID,-0.3781089754432349,ADANIENT,-1.2853791732804523,CGPOWER,-8.326564825390053,INDHOTEL,-5.398911419504033,,
2022-06-22,4851550.66153493,"['ASHOKLEY', 'TVSMOTOR', 'TATASTEEL', 'MARUTI', 'EICHERMOT', 'ITC']",RELIANCE,-4.661167992501029,ABB,-4.540465953209645,TATAELXSI,-10.210029537171577,KEI,-8.05805399618625,M&MFIN,-2.1959001857269898
2022-06-30,5203085.27753649,"['ABB', 'TATAELXSI', 'RELIANCE', 'TVSMOTOR', 'ASHOKLEY', 'TATASTEEL']",,,,,,,,,,
2022-07-08,5213747.548186082,"['ABB', 'TVSMOTOR', 'TATAELXSI', 'BANKBARODA', 'TRENT', 'TATASTEEL']",ASHOKLEY,-2.503381215971953,RELIANCE,-7.868945832453591,,,,,,
2022-07-18,5302665.903549051,"['ABB', 'TVSMOTOR', 'CHOLAFIN', 'TATAELXSI', 'POONAWALLA', 'BANKBARODA']",,,,,,,,,,
2022-07-26,5428012.065230041,"['ABB', 'BOSCHLTD', 'TVSMOTOR', 'CHOLAFIN', 'TATAELXSI', 'BANKBARODA']",POONAWALLA,-1.0721890484879908,,,,,,,,
2022-08-03,5713668.515520945,"['ABB', 'NESTLEIND', 'CHOLAFIN', 'BOSCHLTD', 'TVSMOTOR', 'BANKBARODA']",,,,,,,,,,
2022-08-12,5835760.588796606,"['ABB', 'CHOLAFIN', 'EICHERMOT', 'AMBUJACEM', 'ITC', 'TRENT']",BOSCHLTD,-0.22486263515695484,,,,,,,,
2022-08-23,5984892.70511722,"['ABB', 'CHOLAFIN', 'ITC', 'INDIGO', 'COALINDIA', 'KOTAKBANK']",TRENT,-2.599896683238222,,,,,,,,
2022-09-01,6262230.078570279,"['COALINDIA', 'CHOLAFIN', 'ITC', 'BANKBARODA', 'INDIGO', 'PRESTIGE']",,,,,,,,,,
2022-09-09,6328319.6329744635,"['COALINDIA', 'CHOLAFIN', 'ITC', 'BANKBARODA', 'ABB', 'CGPOWER']",INDIGO,-5.153674688646878,,,,,,,,
2022-09-19,6335879.21362517,"['CHOLAFIN', 'ITC', 'BANKBARODA', 'COALINDIA', 'ABB', 'EICHERMOT']",,,,,,,,,,
2022-09-27,6016287.072905442,"['ITC', 'BANKBARODA', 'ABB', 'AMBUJACEM', 'TRENT', 'LICHSGFIN']",CHOLAFIN,-8.273404769357708,EICHERMOT,-0.5487104615970452,COALINDIA,-6.95953767755676,,,,
2022-10-06,6241896.25440219,"['ITC', 'BANKBARODA', 'COALINDIA', 'AMBUJACEM', 'LICHSGFIN', 'TVSMOTOR']",,,,,,,,,,
2022-10-14,6141005.902114411,"['ITC', 'BANKBARODA', 'COALINDIA', 'AMBUJACEM', 'NTPC', 'INDIANB']",LICHSGFIN,-4.81827892934434,,,,,,,,
2022-10-24,6579461.292678139,"['ITC', 'BANKBARODA', 'COALINDIA', 'ADANIENT', 'AMBUJACEM', 'INDHOTEL']",,,,,,,,,,
2022-11-02,6882511.807902548,"['ITC', 'BANKBARODA', 'COALINDIA', 'BEL', 'AMBUJACEM', 'INDHOTEL']",,,,,,,,,,
2022-11-11,6969138.518055717,"['ITC', 'BANKBARODA', 'COALINDIA', 'TVSMOTOR', 'NTPC', 'PRESTIGE']",INDHOTEL,-7.900122069719476,,,,,,,,
2022-11-21,6751773.649312784,"['ITC', 'BANKBARODA', 'COALINDIA', 'ADANIENT', 'BEL', 'CGPOWER']",TVSMOTOR,-5.327560022333891,PRESTIGE,-0.6361321668269909,NTPC,-4.111991167976621,,,,
2022-11-29,6826155.520892516,"['ITC', 'BANKBARODA', 'NTPC', 'COALINDIA', 'BEL', 'CGPOWER']",ADANIENT,-3.0848337215462025,,,,,,,,
2022-12-07,6914238.741023894,"['ITC', 'BANKBARODA', 'COALINDIA', 'BEL', 'NTPC', 'ADANIENT']",,,,,,,,,,
2022-12-15,6954145.421041751,"['ITC', 'BANKBARODA', 'CGPOWER', 'AMBUJACEM', 'INDHOTEL', 'NTPC']",BEL,-2.31787380401849,COALINDIA,-0.674648975110294,,,,,,
2022-12-23,6365195.667196574,"['BANKBARODA', 'LICHSGFIN', 'DALBHARAT', 'INDIANB', 'HDFCBANK', 'CANBK']",CGPOWER,-9.802879550638515,INDHOTEL,-10.127533983214773,ITC,-3.585657332049795,NTPC,-5.287638767187176,AMBUJACEM,-12.464363558361034
2023-01-02,6897273.740420346,"['BANKBARODA', 'CGPOWER', 'NTPC', 'INDHOTEL', 'COALINDIA', 'UNIONBANK']",,,,,,,,,,
2023-01-10,6830334.040805315,"['BANKBARODA', 'NTPC', 'UNIONBANK', 'CGPOWER', 'DALBHARAT', 'INDIANB']",COALINDIA,-3.5595193113350936,INDHOTEL,-2.159530958169531,,,,,,
2023-01-18,6894012.129918092,"['BANKBARODA', 'NTPC', 'UNIONBANK', 'BEL', 'CGPOWER', 'DALBHARAT']",INDIANB,-2.906567174582108,,,,,,,,
2023-01-27,6378547.546353344,"['UNIONBANK', 'CGPOWER', 'HDFCBANK', 'INDIANB', 'COALINDIA', 'EXIDEIND']",BEL,-8.17913983738736,NTPC,-1.8589497835784372,BANKBARODA,-11.781202803189794,DALBHARAT,-10.119937898628196,,
2023-02-06,6435989.367534924,"['BANKBARODA', 'CGPOWER', 'HDFCBANK', 'INDHOTEL', 'ITC', 'NTPC']",UNIONBANK,-1.2016071430694306,EXIDEIND,-0.49126401566299105,COALINDIA,-1.2589798629635944,,,,
2023-02-14,6571905.289132434,"['CGPOWER', 'BANKBARODA', 'NTPC', 'EXIDEIND', 'HDFCBANK', 'ITC']",INDHOTEL,-0.15885656038494536,,,,,,,,
2023-02-22,6364897.1528140055,"['CGPOWER', 'ITC', 'NTPC', 'CYIENT', 'DALBHARAT', 'JSL']",BANKBARODA,-6.931274972451121,EXIDEIND,-4.166676252245049,HDFCBANK,-3.554999804081154,,,,
2023-03-02,6292166.178123867,"['CGPOWER', 'NTPC', 'ITC', 'CYIENT', 'DALBHARAT', 'JSL']",,,,,,,,,,
2023-03-13,6360343.333478836,"['ITC', 'NTPC', 'JSL', 'NCC', 'SIEMENS', 'CYIENT']",CGPOWER,-3.0328184378200462,DALBHARAT,-5.742927875045685,,,,,,
2023-03-21,6360406.971648038,"['DALBHARAT', 'CGPOWER', 'ITC', 'JSL', 'NTPC', 'SIEMENS']",,,,,,,,,,
2023-03-29,6405008.70732079,"['JSL', 'NTPC', 'CGPOWER', 'ITC', 'DALBHARAT', 'SHREECEM']",,,,,,,,,,
2023-04-11,6474766.771323918,"['JSL', 'NTPC', 'ITC', 'BANKBARODA', 'DALBHARAT', 'NCC']",CGPOWER,-3.442066102226202,,,,,,,,
2023-04-20,6475825.071034502,"['ITC', 'NCC', 'DALBHARAT', 'CGPOWER', 'SIEMENS', 'BANKBARODA']",NTPC,-4.716445276897054,JSL,-4.27798620160569,,,,,,
2023-04-28,6754523.769480392,"['ITC', 'NCC', 'DALBHARAT', 'JSL', 'NTPC', 'CGPOWER']",,,,,,,,,,
2023-05-09,6827774.889544053,"['ITC', 'NCC', 'DALBHARAT', 'NTPC', 'HDFCBANK', 'SIEMENS']",,,,,,,,,,
2023-05-17,6918601.37787247,"['ITC', 'NCC', 'HDFCBANK', 'SIEMENS', 'BANKBARODA', 'DALBHARAT']",,,,,,,,,,
2023-05-25,6807962.310451121,"['ITC', 'NCC', 'SIEMENS', 'BANKBARODA', 'DALBHARAT', 'IGL']",HDFCBANK,-1.7608078925397797,,,,,,,,
2023-06-02,6975703.372136427,"['SIEMENS', 'ITC', 'NCC', 'DALBHARAT', 'NTPC', 'BEL']",IGL,-4.372721232816555,,,,,,,,
2023-06-12,7042633.675484152,"['SIEMENS', 'CGPOWER', 'ITC', 'NCC', 'DALBHARAT', 'BEL']",,,,,,,,,,
2023-06-20,7237960.416091456,"['CGPOWER', 'ITC', 'NCC', 'SIEMENS', 'DALBHARAT', 'BEL']",,,,,,,,,,
2023-06-28,7162011.0210495675,"['CGPOWER', 'ITC', 'NCC', 'SIEMENS', 'DALBHARAT', 'INDIGO']",BEL,-3.515785466447875,,,,,,,,
2023-07-07,7250371.728034331,"['INDIGO', 'CGPOWER', 'IOC', 'NCC', 'SIEMENS', 'BALKRISIND']",DALBHARAT,-3.284464375209422,,,,,,,,
2023-07-17,7426865.188551818,"['IOC', 'SIEMENS', 'INDIGO', 'BALKRISIND', 'BEL', 'ITC']",,,,,,,,,,
2023-07-25,7351673.7260746,"['INDIGO', 'CGPOWER', 'IOC', 'SIEMENS', 'PFC', 'BALKRISIND']",ITC,-2.127664909770744,BEL,-0.0786501416878192,,,,,,
2023-08-02,7518027.146288914,"['INDIGO', 'IOC', 'PFC', 'BALKRISIND', 'BEL', 'CGPOWER']",,,,,,,,,,
2023-08-10,7531819.969727882,"['INDIGO', 'PFC', 'BALKRISIND', 'BEL', 'CGPOWER', 'IOC']",,,,,,,,,,
2023-08-21,7554239.465078728,"['PFC', 'IOC', 'SUPREMEIND', 'SHRIRAMFIN', 'LUPIN', 'LT']",INDIGO,-3.94848516699894,,,,,,,,
2023-08-29,7644526.207254357,"['INDIGO', 'LT', 'PFC', 'BALKRISIND', 'DRREDDY', 'NCC']",IOC,-0.10869389528954981,,,,,,,,
2023-09-06,7640566.202612658,"['DRREDDY', 'LUPIN', 'LT', 'PFC', 'NCC', 'SUPREMEIND']",INDIGO,-0.945521884741338,,,,,,,,
2023-09-14,7726909.587310964,"['DRREDDY', 'LUPIN', 'LT', 'PFC', 'SUPREMEIND', 'SHRIRAMFIN']",NCC,-9.4665403146098,,,,,,,,
2023-09-25,7685826.26142661,"['LUPIN', 'LT', 'BEL', 'NCC', 'SUPREMEIND', 'SHRIRAMFIN']",DRREDDY,-5.32495310542998,,,,,,,,
2023-10-04,7759080.792665978,"['LUPIN', 'BEL', 'LT', 'NCC', 'SHRIRAMFIN', 'OFSS']",SUPREMEIND,-5.6256894040144125,,,,,,,,
2023-10-12,7906915.672877763,"['LUPIN', 'LT', 'BEL', 'DRREDDY', 'SHRIRAMFIN', 'OFSS']",,,,,,,,,,
2023-10-20,7802820.144207847,"['LUPIN', 'DRREDDY', 'SHRIRAMFIN', 'LT', 'BEL', 'NCC']",OFSS,-4.205705053086513,,,,,,,,
2023-10-31,7571092.425824452,"['LUPIN', 'BEL', 'LT', 'SHRIRAMFIN', 'NTPC', 'PFC']",NCC,-6.444303360377027,DRREDDY,-3.622534787693209,,,,,,
2023-11-08,7990300.352378457,"['LUPIN', 'SHRIRAMFIN', 'LT', 'PFC', 'BEL', 'NCC']",,,,,,,,,,
2023-11-17,8396089.818601577,"['LUPIN', 'DRREDDY', 'SHRIRAMFIN', 'LT', 'PFC', 'LTF']",,,,,,,,,,
2023-11-28,8495821.23452175,"['LUPIN', 'SHRIRAMFIN', 'LT', 'DRREDDY', 'TORNTPHARM', 'PFC']",,,,,,,,,,
2023-12-06,9016753.451818528,"['LUPIN', 'SHRIRAMFIN', 'TORNTPHARM', 'LT', 'NBCC', 'DRREDDY']",,,,,,,,,,
2023-12-14,9173383.16835765,"['SHRIRAMFIN', 'TORNTPHARM', 'LUPIN', 'DRREDDY', 'INDIGO', 'LT']",,,,,,,,,,
2023-12-22,9175997.969298396,"['LUPIN', 'DRREDDY', 'SHRIRAMFIN', 'MUTHOOTFIN', 'ANGELONE', 'TORNTPHARM']",INDIGO,-3.6507633920785287,,,,,,,,
2024-01-02,9494488.66026693,"['DRREDDY', 'LUPIN', 'MUTHOOTFIN', 'SHRIRAMFIN', 'LTF', 'AUROPHARMA']",,,,,,,,,,
2024-01-10,9657215.171245128,"['LUPIN', 'MUTHOOTFIN', 'LTF', 'DRREDDY', 'SHRIRAMFIN', 'NBCC']",,,,,,,,,,
2024-01-18,9494933.155006234,"['LUPIN', 'LTF', 'SHRIRAMFIN', 'LT', 'COLPAL', 'BAJAJ-AUTO']",NBCC,-5.729727797974872,DRREDDY,-2.371608547401039,MUTHOOTFIN,-6.442537810202312,,,,
2024-01-30,9796338.864378123,"['LUPIN', 'LTF', 'DRREDDY', 'JSL', 'COLPAL', 'BAJAJ-AUTO']",,,,,,,,,,
2024-02-07,10331812.57853365,"['LUPIN', 'JSL', 'LTF', 'NTPC', 'HEROMOTOCO', 'LT']",,,,,,,,,,
2024-02-15,10209912.755502813,"['LUPIN', 'LTF', 'HEROMOTOCO', 'SHRIRAMFIN', 'JSL', 'PFC']",LT,-2.780801145819441,,,,,,,,
2024-02-23,10189389.51481702,"['LUPIN', 'PFC', 'LTF', 'AUROPHARMA', 'HEROMOTOCO', 'TORNTPHARM']",,,,,,,,,,
2024-03-04,10455481.299841374,"['LUPIN', 'PFC', 'SHRIRAMFIN', 'JSL', 'LTF', 'HEROMOTOCO']",,,,,,,,,,
2024-03-13,9705813.595650662,"['LUPIN', 'SHRIRAMFIN', 'NTPC', 'COLPAL', 'HEROMOTOCO', 'ONGC']",LTF,-15.318414277414908,JSL,-9.260890310870247,PFC,-5.681410374266204,,,,
2024-03-21,9824020.729481252,"['LUPIN', 'SHRIRAMFIN', 'POWERGRID', 'ONGC', 'JSL', 'LT']",,,,,,,,,,
2024-04-02,10212901.008924752,"['LUPIN', 'SHRIRAMFIN', 'POWERGRID', 'AUROPHARMA', 'ONGC', 'TITAN']",,,,,,,,,,
2024-04-10,10250594.748194166,"['LUPIN', 'SHRIRAMFIN', 'POWERGRID', 'BAJAJ-AUTO', 'OIL', 'AUROPHARMA']",TITAN,-1.191441664108115,ONGC,-0.18348868370485102,,,,,,
2024-04-22,9993608.88978016,"['LUPIN', 'OIL', 'UNIONBANK', 'JSL', 'POWERGRID', 'BAJAJ-AUTO']",AUROPHARMA,-2.922475416097734,SHRIRAMFIN,-4.090104711863378,,,,,,
2024-04-30,10254295.767990751,"['LUPIN', 'OIL', 'UNIONBANK', 'JSL', 'POWERGRID', 'BAJAJ-AUTO']",,,,,,,,,,
2024-05-09,9927475.33740185,"['POWERGRID', 'OIL', 'AUROPHARMA', 'LUPIN', 'JSL', 'NTPC']",BAJAJ-AUTO,-0.6379483219288806,UNIONBANK,-7.846948124102375,,,,,,
2024-05-17,10379832.917340394,"['POWERGRID', 'LICHSGFIN', 'JSL', 'OIL', 'AUROPHARMA', 'HINDALCO']",,,,,,,,,,
2024-05-28,10555029.839327145,"['POWERGRID', 'LICHSGFIN', 'BAJAJ-AUTO', 'OIL', 'AUROPHARMA', 'HEROMOTOCO']",,,,,,,,,,
2024-06-05,10556967.165104358,"['POWERGRID', 'BAJAJ-AUTO', 'HEROMOTOCO', 'BOSCHLTD', 'SIEMENS', 'HAVELLS']",LICHSGFIN,-3.5791804758766443,OIL,-11.068552483913049,,,,,,
2024-06-13,11152201.296326352,"['POWERGRID', 'HEROMOTOCO', 'SIEMENS', 'HAVELLS', 'BAJAJ-AUTO', 'MCX']",,,,,,,,,,
2024-06-24,11189438.843311759,"['POWERGRID', 'AUROPHARMA', 'HEROMOTOCO', 'HAVELLS', 'BAJAJ-AUTO', 'OIL']",MCX,-1.342611538542951,,,,,,,,
2024-07-02,11093374.328524828,"['HEROMOTOCO', 'AUROPHARMA', 'POWERGRID', 'BAJAJ-AUTO', 'HINDALCO', 'TORNTPHARM']",HAVELLS,-5.081468362397003,,,,,,,,
2024-07-10,11454563.48926834,"['HEROMOTOCO', 'TORNTPHARM', 'POWERGRID', 'BAJAJ-AUTO', 'OIL', 'AUROPHARMA']",HINDALCO,-0.2087135568564639,,,,,,,,
2024-07-19,11498671.957389932,"['HEROMOTOCO', 'POWERGRID', 'OIL', 'LTF', 'AUROPHARMA', 'HINDALCO']",BAJAJ-AUTO,-1.6389961427498771,TORNTPHARM,-0.1829410150054644,,,,,,
2024-07-29,11741753.699179143,"['HEROMOTOCO', 'SIEMENS', 'BOSCHLTD', 'OIL', 'LTF', 'HINDALCO']",,,,,,,,,,
2024-08-06,11053343.10858157,"['VOLTAS', 'OIL', 'TRENT', 'POWERGRID', 'BAJAJ-AUTO', 'MUTHOOTFIN']",SIEMENS,-7.108589768331981,LTF,-6.856409724253087,BOSCHLTD,-6.402127145479759,HINDALCO,-8.480166651401335,HEROMOTOCO,-3.9187497955043677
2024-08-14,11930460.86529598,"['SIEMENS', 'VOLTAS', 'HAVELLS', 'OIL', 'TRENT', 'OFSS']",POWERGRID,-2.1276601659925234,,,,,,,,
2024-08-23,12437410.95954909,"['SIEMENS', 'BOSCHLTD', 'HAVELLS', 'OIL', 'HAL', 'VOLTAS']",,,,,,,,,,
2024-09-02,12547801.926724784,"['VOLTAS', 'HAVELLS', 'OIL', 'OFSS', 'AUROPHARMA', 'BEL']",SIEMENS,-3.454070428005424,BOSCHLTD,-0.836041484423271,HAL,-2.7940487962970235,,,,
2024-09-10,12182281.434512362,"['VOLTAS', 'HAVELLS', 'OIL', 'BOSCHLTD', 'OFSS', 'AUROPHARMA']",BEL,-3.755471244762597,,,,,,,,
2024-09-18,12341675.271307774,"['VOLTAS', 'OIL', 'HAVELLS', 'OFSS', 'M&M', 'BOSCHLTD']",,,,,,,,,,
2024-09-26,12641400.797347466,"['VOLTAS', 'HAVELLS', 'OFSS', 'M&M', 'SIEMENS', 'AUROPHARMA']",OIL,-5.17646861026011,,,,,,,,
2024-10-07,12173489.848670091,"['VOLTAS', 'HAVELLS', 'OFSS', 'M&M', 'BOSCHLTD', 'SIEMENS']",AUROPHARMA,-3.213889769214372,,,,,,,,
2024-10-15,12834721.570780704,"['VOLTAS', 'HAVELLS', 'OFSS', 'M&M', 'BOSCHLTD', 'BHARTIARTL']",,,,,,,,,,
2024-10-23,12090940.690491017,"['VOLTAS', 'OFSS', 'BOSCHLTD', 'BHARTIARTL', 'MUTHOOTFIN', 'TRENT']",M&M,-11.480450067255102,HAVELLS,-9.557032927758819,,,,,,
2024-10-31,11588698.675807199,"['MUTHOOTFIN', 'ANGELONE', 'EICHERMOT', 'TRENT', 'SUNPHARMA', 'NATIONALUM']",BHARTIARTL,-4.342156312848142,BOSCHLTD,-3.1283248316406262,OFSS,-2.921758485590802,VOLTAS,-8.139115218832947,,
2024-11-08,11128496.587564638,"['M&M', 'OFSS', 'VOLTAS', 'GRANULES', 'EICHERMOT', 'SIEMENS']",TRENT,-11.635229625105685,ANGELONE,-6.671914847700309,MUTHOOTFIN,-6.521790542527288,SUNPHARMA,-2.1255950085865885,,
2024-11-19,10802806.094306525,"['OFSS', 'M&M', 'EICHERMOT', 'HDFCBANK', 'NATIONALUM', 'COFORGE']",SIEMENS,-7.36930973201704,VOLTAS,-4.487542468856172,GRANULES,-5.449097619493156,,,,
2024-11-28,11009805.770631345,"['OFSS', 'GRANULES', 'M&M', 'MUTHOOTFIN', 'EICHERMOT', 'HDFCBANK']",,,,,,,,,,
2024-12-06,11356104.98904196,"['OFSS', 'HDFCBANK', 'M&M', 'VOLTAS', 'NATIONALUM', 'MUTHOOTFIN']",GRANULES,-1.3706844282292894,,,,,,,,
2024-12-16,11392479.954208,"['MUTHOOTFIN', 'OFSS', 'COFORGE', 'GRANULES', 'EICHERMOT', 'HDFCBANK']",NATIONALUM,-11.419472364592886,,,,,,,,
2024-12-24,11258936.280173793,"['OFSS', 'COFORGE', 'MUTHOOTFIN', 'GRANULES', 'TECHM', 'JUBLFOOD']",EICHERMOT,-0.9424428574196548,HDFCBANK,-3.5974682255261516,,,,,,
2025-01-02,11775136.460884867,"['COFORGE', 'OFSS', 'TECHM', 'JUBLFOOD', 'MUTHOOTFIN', 'EICHERMOT']",,,,,,,,,,
2025-01-10,11242786.254194645,"['COFORGE', 'MUTHOOTFIN', 'M&M', 'GRANULES', 'TECHM', 'JUBLFOOD']",EICHERMOT,-4.703187538870658,OFSS,-9.463685278850765,,,,,,
2025-01-20,10839803.765602758,"['GRANULES', 'JUBLFOOD', 'MUTHOOTFIN', 'PERSISTENT', 'EICHERMOT', 'BHARTIARTL']",M&M,-6.620107458656298,COFORGE,-7.890669628078295,TECHM,-1.8175422399000878,,,,
2025-01-28,10456656.709824594,"['MUTHOOTFIN', 'EICHERMOT', 'BHARTIARTL', 'TORNTPHARM', 'WIPRO', 'KOTAKBANK']",JUBLFOOD,-4.074578977806332,GRANULES,-13.609364380750733,PERSISTENT,-2.965075684645287,,,,
2025-02-04,10712684.921176784,"['JUBLFOOD', 'INFY', 'PERSISTENT', 'MUTHOOTFIN', 'INDHOTEL', 'M&M']",TORNTPHARM,-5.6576073147998525,,,,,,,,
2025-02-12,9989205.593347684,"['MUTHOOTFIN', 'BHARTIARTL', 'DIVISLAB', 'KOTAKBANK', 'WIPRO', 'MARUTI']",JUBLFOOD,-11.500757862331886,INFY,-1.8775028174274848,INDHOTEL,-11.712146651810503,M&M,-6.329474124447295,PERSISTENT,-6.654227221150849
2025-02-20,10024353.615701891,"['JUBLFOOD', 'MUTHOOTFIN', 'BHARTIARTL', 'DIVISLAB', 'WIPRO', 'KOTAKBANK']",MARUTI,-1.6980646228653238,,,,,,,,
2025-03-03,9357264.705644056,"['MUTHOOTFIN', 'SHRIRAMFIN', 'MANAPPURAM', 'CHOLAFIN', 'KOTAKBANK', 'UPL']",BHARTIARTL,-2.902339590622148,JUBLFOOD,-11.220920393698133,WIPRO,-9.495691400939041,DIVISLAB,-7.327330829812706,,
2025-03-11,9483278.078530563,"['MUTHOOTFIN', 'BHARTIARTL', 'CHOLAFIN', 'KOTAKBANK', 'VEDL', 'SRF']",UPL,-0.267557058764671,,,,,,,,
2025-03-20,9947010.42408816,"['MUTHOOTFIN', 'INDHOTEL', 'BHARTIARTL', 'DIVISLAB', 'HDFCBANK', 'HINDALCO']",,,,,,,,,,
2025-03-28,9903912.568798777,"['COFORGE', 'TATASTEEL', 'MUTHOOTFIN', 'EICHERMOT', 'INDHOTEL', 'BHARTIARTL']",DIVISLAB,-0.8012555875246704,HINDALCO,-3.3288475945387823,,,,,,
2025-04-08,9160714.325232906,"['MUTHOOTFIN', 'BHARTIARTL', 'EICHERMOT', 'SOLARINDS', 'HDFCLIFE', 'KOTAKBANK']",TATASTEEL,-15.534236164773152,COFORGE,-20.1820162067559,INDHOTEL,-1.7713176843700784,,,,
2025-04-21,9734888.434877094,"['EICHERMOT', 'INDHOTEL', 'DIVISLAB', 'SOLARINDS', 'MANAPPURAM', 'BEL']",MUTHOOTFIN,-3.884152465210524,,,,,,,,
2025-04-29,9832042.157961521,"['BHARTIARTL', 'CHOLAFIN', 'EICHERMOT', 'INDHOTEL', 'JUBLFOOD', 'MANAPPURAM']",,,,,,,,,,
2025-05-08,9665854.23407827,"['BHARTIARTL', 'MUTHOOTFIN', 'EICHERMOT', 'LODHA', 'MARUTI', 'SOLARINDS']",JUBLFOOD,-5.146126335623394,MANAPPURAM,-1.8056463634140347,INDHOTEL,-5.08131660741716,,,,
2025-05-16,9872598.259775199,"['BHARTIARTL', 'APOLLOHOSP', 'CHOLAFIN', 'EICHERMOT', 'HDFCBANK', 'KOTAKBANK']",MUTHOOTFIN,-5.2702578271911955,,,,,,,,
2025-05-26,9911595.660207145,"['BHARTIARTL', 'BEL', 'CHOLAFIN', 'EICHERMOT', 'HDFCBANK', 'KOTAKBANK']",,,,,,,,,,
